,Site.ID,Stratum,Latitude,Longitude,Index,Salinity,Silt
1,89/90-1,101,38.443,-76.4457,2.33,2,0.6
2,89/90-1,101,38.4232,-76.4237,3.67,2,0.8
3,89/90-1,101,38.4773,-76.4827,2,1.5,0.6
4,89/90-2,101,38.474,-76.4792,2.67,1.6,0.8
5,89/90-2,101,38.4598,-76.4542,2.33,2,0.7
6,89/90-2,101,38.4718,-76.4768,2,1.2,0.8
7,90/91-1,101,38.4693,-76.4737,3,2.3,1.1
8,90/91-1,101,38.4968,-76.4968,1.33,2.6,1.2
9,90/91-1,101,38.4988,-76.4995,2.33,2.3,1
10,90/91-2,101,38.4693,-76.4728,2.33,2.7,1.1
11,90/91-2,101,38.4565,-76.45,3.33,2.6,0.5
12,90/91-2,101,38.495,-76.4947,2,3.1,1.3
13,91/92-1,101,38.4592,-76.4527,2.67,3,0.7
14,91/92-1,101,38.4633,-76.4617,2.67,3,0.8
15,91/92-1,101,38.4257,-76.425,3,1.7,1.3
16,91/92-2,101,38.4803,-76.4842,1.67,2.8,1.1
17,91/92-2,101,38.4735,-76.4777,1.33,2.2,1
18,91/92-2,101,38.4628,-76.4612,2.33,3.7,1.4
19,92/93-1,101,38.4982,-76.4982,3.67,2.2,1
20,92/93-1,101,38.4962,-76.4947,3,2.5,2.3
21,92/93-1,101,38.4173,-76.4137,3.67,2.4,3.6
22,89/90-1,102,38.4527,-76.4297,1,12.2,86.3
23,89/90-1,102,38.4668,-76.424,1,12.5,90.8
24,89/90-1,102,38.4757,-76.4555,1,10.9,93.4
25,89/90-2,102,38.4438,-76.39,1,13.5,91.9
26,89/90-2,102,38.441,-76.4183,1.8,12,76.2
27,89/90-2,102,38.4335,-76.4072,1.4,12,93.1
28,90/91-1,102,38.459,-76.4108,1,13.4,75.3
29,90/91-1,102,38.4385,-76.4035,1,13.2,80.8
30,90/91-1,102,38.4473,-76.3988,1,13.9,73.4
31,90/91-2,102,38.4845,-76.4468,1,11.5,89.9
32,90/91-2,102,38.4725,-76.4537,1.8,11.3,83.5
33,90/91-2,102,38.4965,-76.4537,1,11.5,84.2
34,91/92-1,102,38.4625,-76.435,1,12.7,86.1
35,91/92-1,102,38.4627,-76.4267,1,11.6,79.6
36,91/92-1,102,38.4792,-76.4505,1,11.6,87.5
37,91/92-2,102,38.4985,-76.438,1.8,12.9,78.8
38,91/92-2,102,38.44,-76.4223,1.8,12.2,92.7
39,91/92-2,102,38.462,-76.4125,2.2,13.9,91.4
40,92/93-1,102,38.4257,-76.3935,2.33,14.3,81.6
41,92/93-1,102,38.4907,-76.4492,1,11.5,94.9
42,92/93-1,102,38.4983,-76.4483,1,11.6,85.8
43,89/90-1,103,38.4383,-76.3555,2.33,20.5,23.6
44,89/90-1,103,38.4272,-76.3878,1,14.4,91.7
45,89/90-1,103,38.4705,-76.3972,1,15.4,93.9
46,89/90-2,103,38.4435,-76.372,1,22,90.3
47,89/90-2,103,38.4817,-76.3742,1.33,20,53.1
48,89/90-2,103,38.473,-76.371,1.33,20,46.1
49,90/91-1,103,38.4807,-76.3805,1,18.8,82.9
50,90/91-1,103,38.4992,-76.4215,1,20.1,76.8
51,90/91-1,103,38.4493,-76.3912,1,15,86.8
52,90/91-2,103,38.4805,-76.3713,1,22,84.7
53,90/91-2,103,38.4918,-76.3815,1.67,19.2,75.4
54,90/91-2,103,38.4265,-76.3397,1,19,70.7
55,91/92-1,103,38.4225,-76.3433,1.67,25.1,88.1
56,91/92-1,103,38.4793,-76.3897,1,23.3,79.4
57,91/92-1,103,38.4585,-76.3558,1,15.7,84.3
58,91/92-2,103,38.4717,-76.3957,1,19.9,87
59,91/92-2,103,38.4675,-76.3835,1.33,24.8,91.5
60,91/92-2,103,38.4512,-76.3882,1,16.6,88.6
61,92/93-1,103,38.4667,-76.3807,2.5,23,70.4
62,92/93-1,103,38.4373,-76.3752,1,18.4,83.4
63,92/93-1,103,38.4627,-76.3758,1,22.7,35.5
64,89/90-1,104,38.6363,-76.5163,4,2.6,2.5
65,89/90-1,104,38.6945,-76.5222,3.67,2,1.8
66,89/90-1,104,38.6665,-76.5265,3.67,2.4,1.4
67,89/90-2,104,38.5998,-76.5088,3,2.2,0.9
68,89/90-2,104,38.6303,-76.5122,4,2,1.2
69,89/90-2,104,38.7243,-76.517,2.33,1.8,2
70,90/91-1,104,38.6257,-76.5052,1,2.7,0.8
71,90/91-1,104,38.633,-76.5143,2,2.2,2.4
72,90/91-1,104,38.6665,-76.5275,1.33,2.6,1.3
73,90/91-2,104,38.6335,-76.5137,1.67,3.2,1.8
74,90/91-2,104,38.6508,-76.5205,2,2.9,51.1
75,90/91-2,104,38.631,-76.5112,2.67,2.8,1.7
76,91/92-1,104,38.5975,-76.5067,3.67,3,1.3
77,91/92-1,104,38.6812,-76.528,2.67,2.5,1.8
78,91/92-1,104,38.6492,-76.5208,1.67,1.7,1.3
79,91/92-2,104,38.6408,-76.5167,2,2.4,1.5
80,91/92-2,104,38.638,-76.5157,2,2.8,1.5
81,91/92-2,104,38.6717,-76.5247,2.67,2.8,1.7
82,92/93-1,104,38.671,-76.525,3,1.8,1
83,92/93-1,104,38.6493,-76.5202,3.67,1.6,1
84,92/93-1,104,38.6317,-76.5092,3.67,2.4,1.3
85,89/90-1,105,38.691,-76.43,1,28.4,92.2
86,89/90-1,105,38.5868,-76.4363,1,20.7,90.4
87,89/90-1,105,38.6798,-76.4305,1,16.4,90.7
88,89/90-2,105,38.5957,-76.4167,1,14.5,87.7
89,89/90-2,105,38.7108,-76.439,1,22.5,91.8
90,89/90-2,105,38.6298,-76.439,1,14.2,92.1
91,90/91-1,105,38.5987,-76.4317,1,22.1,83.9
92,90/91-1,105,38.677,-76.4517,1,11.3,77.1
93,90/91-1,105,38.6553,-76.401,1,12,82.5
94,90/91-2,105,38.6502,-76.4548,1,16.3,91.5
95,90/91-2,105,38.6792,-76.4573,1,11.3,82.9
96,90/91-2,105,38.6007,-76.4245,1,23.5,99.8
97,91/92-1,105,38.7178,-76.4108,1,16.4,68.5
98,91/92-1,105,38.6682,-76.437,1,13.8,93.7
99,91/92-1,105,38.6675,-76.4375,1,13.8,94.5
100,91/92-2,105,38.6882,-76.3973,1.33,11.9,77.1
101,91/92-2,105,38.6962,-76.4662,1,11.3,92.4
102,91/92-2,105,38.6153,-76.4432,1,15.3,83.7
103,92/93-1,105,38.6543,-76.411,3,18.2,95.3
104,92/93-1,105,38.634,-76.4318,1,16.5,90.5
105,92/93-1,105,38.7148,-76.4435,1,19.4,97.1
106,89/90-1,106,38.9652,-76.3785,1.8,24,96.9
107,89/90-1,106,38.9048,-76.4248,1,12.3,92.3
108,89/90-1,106,38.9308,-76.4207,1,11.1,96.1
109,89/90-2,106,38.8903,-76.4197,1.8,12.2,94.7
110,89/90-2,106,38.8903,-76.412,1,14.7,94.4
111,89/90-2,106,38.8597,-76.4368,1.8,6,94.8
112,90/91-1,106,38.9315,-76.4143,1,12.8,92.3
113,90/91-1,106,38.8527,-76.4298,1.4,10.6,92.8
114,90/91-1,106,38.8958,-76.432,1.4,11.6,84.7
115,90/91-2,106,38.9178,-76.4223,1,12.1,88.2
116,90/91-2,106,38.8692,-76.3972,1,24.1,17.1
117,90/91-2,106,38.8917,-76.4055,1,16.4,34.3
118,91/92-1,106,38.9578,-76.386,1,29.2,93
119,91/92-1,106,38.9275,-76.3985,1,22.2,93.9
120,91/92-1,106,38.9108,-76.4208,1.8,12.8,91.6
121,91/92-2,106,38.8843,-76.4075,1.8,22.9,91.6
122,91/92-2,106,38.972,-76.3775,1,25.7,94
123,91/92-2,106,38.914,-76.3983,1,23.6,93.2
124,92/93-1,106,38.8935,-76.4027,2.33,23.7,96.7
125,92/93-1,106,38.8717,-76.3915,1.67,20.7,62.2
126,92/93-1,106,38.9417,-76.3875,1,25.1,95.3
127,89/90-1,107,39.0842,-76.3142,1,9.7,96.7
128,89/90-1,107,39.0948,-76.4077,3.8,6.4,96.7
129,89/90-1,107,39.0917,-76.2948,1,7.3,95.8
130,89/90-2,107,39.14,-76.3313,1.8,10,96.5
131,89/90-2,107,39.065,-76.3053,3,8,86.1
132,89/90-2,107,39.0503,-76.3163,3,5.5,83.8
133,90/91-1,107,39.1437,-76.3913,4.2,5,52
134,90/91-1,107,39.1095,-76.293,1,6.9,93.8
135,90/91-1,107,39.1435,-76.319,1.8,8.3,94.5
136,90/91-2,107,39.0917,-76.3585,3.4,6.3,80
137,90/91-2,107,39.0418,-76.3518,1.4,12.7,71.6
138,90/91-2,107,39.0548,-76.3233,1.8,5.9,79.7
139,91/92-1,107,39.1027,-76.29,1,8.4,93.6
140,91/92-1,107,39.1293,-76.3917,3.4,6.7,91.6
141,91/92-1,107,39.0758,-76.3688,3.4,6.7,82.1
142,91/92-2,107,39.0953,-76.3507,3,6.5,93.8
143,91/92-2,107,39.083,-76.3375,3,8,89.1
144,91/92-2,107,39.1353,-76.3645,2.6,5.9,91.3
145,92/93-1,107,39.1025,-76.3385,3.67,6.6,94.8
146,92/93-1,107,39.0667,-76.317,3.67,9.1,92.2
147,92/93-1,107,39.0582,-76.3382,1.67,12.5,93.1
148,89/90-1,108,39.2883,-76.2017,4.5,3.5,86.2
149,89/90-1,108,39.268,-76.2855,4,8.4,98.1
150,89/90-1,108,39.252,-76.3322,3.5,6,92.1
151,89/90-2,108,39.2683,-76.3128,4.5,3.6,97.4
152,89/90-2,108,39.2308,-76.3187,4.5,6.5,97.2
153,89/90-2,108,39.2582,-76.2813,4.5,6.5,95.4
154,90/91-1,108,39.2848,-76.2377,4.5,7,79.9
155,90/91-1,108,39.2327,-76.3723,2,4.2,94.8
156,90/91-1,108,39.2282,-76.2458,3,9.5,77.3
157,90/91-2,108,39.2563,-76.272,2.5,7.3,75.6
158,90/91-2,108,39.2345,-76.2388,1,11.5,86.1
159,90/91-2,108,39.2743,-76.2073,2.5,5.2,60.5
160,91/92-1,108,39.2248,-76.3175,4,5.8,69.6
161,91/92-1,108,39.2197,-76.2765,4.5,5.5,84.3
162,91/92-1,108,39.237,-76.3707,3.5,4.4,98.2
163,91/92-2,108,39.289,-76.24,5,7.1,83.6
164,91/92-2,108,39.2282,-76.2485,4,4.3,79.9
165,92/93-1,108,39.2827,-76.253,1,7.2,95.4
166,92/93-1,108,39.279,-76.22,4,4.8,71.5
167,92/93-1,108,39.2632,-76.2787,4,3.7,92.6
168,89/90-1,109,39.4602,-76.0348,3.4,2.8,30.3
169,89/90-1,109,39.4608,-76.0122,1.8,5.4,85.6
170,89/90-1,109,39.4455,-75.9893,5,5,83.8
171,89/90-2,109,39.4375,-76.0285,2.2,6,76.4
172,89/90-2,109,39.4257,-76.0652,4.6,3.5,27
173,89/90-2,109,39.4128,-76.0357,2.2,11.5,73.5
174,90/91-1,109,39.4173,-76.0717,5,3,46.6
175,90/91-1,109,39.44,-76.0432,4.6,3.6,31.4
176,90/91-1,109,39.4883,-75.9432,3,11.9,33.9
177,90/91-2,109,39.4333,-76.0413,4.6,4,29.5
178,90/91-2,109,39.4595,-76.0322,2.6,2.9,53.3
179,90/91-2,109,39.4053,-76.1095,4.6,2.8,70.2
180,91/92-1,109,39.4283,-76.0675,4.2,3.3,29.5
181,91/92-1,109,39.4228,-76.086,3,3.7,73.8
182,91/92-1,109,39.384,-76.0592,2.6,3.9,92.9
183,91/92-2,109,39.3815,-76.0583,2.6,3.1,89.5
184,91/92-2,109,39.3992,-76.0542,5,7.1,49.7
185,91/92-2,109,39.3858,-76.0705,5,4.8,88.7
186,92/93-1,109,39.4153,-76.0593,5,2.6,68.5
187,92/93-1,109,39.4052,-76.077,5,3.7,77.2
188,92/93-1,109,39.3842,-76.0592,5,3.1,91.4
189,89/90-1,110,38.1547,-76.3303,2.67,3.2,2.8
190,89/90-1,110,38.1035,-76.3257,2.67,2.7,1.1
191,89/90-1,110,38.0518,-76.3428,3,3.2,22.5
192,89/90-2,110,38.0523,-76.3597,3.33,2.7,1.8
193,89/90-2,110,38.0818,-76.327,2,2.1,1.5
194,89/90-2,110,38.0617,-76.3252,2,2.4,10.7
195,90/91-1,110,38.0742,-76.3272,4.33,2.4,57
196,90/91-1,110,38.0813,-76.3268,3,1.8,1.2
197,90/91-1,110,38.0523,-76.3203,3.33,2.5,2.4
198,90/91-2,110,38.0748,-76.3185,3,2.1,1.7
199,90/91-2,110,38.1235,-76.3187,2.33,2.3,2.4
200,90/91-2,110,38.0523,-76.3193,2.67,2.8,3.9
201,91/92-1,110,38.101,-76.3265,2.33,2.8,2.1
202,91/92-1,110,38.1493,-76.3182,3,2.8,1.7
203,91/92-1,110,38.1278,-76.3132,2.67,2.6,2
204,91/92-2,110,38.1417,-76.3127,2.67,2.6,0.6
205,91/92-2,110,38.1228,-76.3233,2.67,3.3,41.2
206,91/92-2,110,38.0708,-76.3228,3,3.2,73.3
207,92/93-1,110,38.0567,-76.3625,2.33,1.8,1.5
208,92/93-1,110,38.0852,-76.324,4.33,2.4,2
209,92/93-1,110,38.1473,-76.3167,4.33,2.1,1.5
210,89/90-1,111,38.0108,-76.3902,1,11.3,92.3
211,89/90-1,111,38.0438,-76.2758,1.67,11.3,42.5
212,89/90-1,111,38.0892,-76.2068,1,18.9,89.5
213,89/90-2,111,38.1198,-76.2265,1,35.3,92.4
214,89/90-2,111,38.1567,-76.2308,1.67,32.8,89.9
215,89/90-2,111,38.1565,-76.2473,1.67,14.2,67.3
216,90/91-1,111,38.1415,-76.213,1,15.4,74.2
217,90/91-1,111,38.037,-76.3607,1,13.4,70.6
218,90/91-1,111,38.1355,-76.2533,1,12.7,23.6
219,90/91-2,111,38.0928,-76.223,1,19,94.1
220,90/91-2,111,38.0213,-76.2583,1.33,11.4,77
221,90/91-2,111,38.1458,-76.2325,1,29.7,93.5
222,91/92-1,111,38.094,-76.279,1,11.4,71.1
223,91/92-1,111,38.0018,-76.2043,1.33,22.4,10.4
224,91/92-1,111,38.1268,-76.2675,1,12.8,50
225,91/92-2,111,38.1368,-76.2577,1.67,13.6,53.4
226,91/92-2,111,38.1578,-76.2785,1.67,13.6,76.2
227,91/92-2,111,38.0882,-76.2723,2.33,12.4,86.8
228,92/93-1,111,38.0535,-76.1993,1,13.8,86
229,92/93-1,111,38.0052,-76.2868,1.5,11.6,88.8
230,92/93-1,111,38.016,-76.237,1.5,12.6,94
231,89/90-1,113,38.1792,-76.7338,1,7.6,0
232,89/90-1,113,38.2027,-76.6958,1,9.7,89
233,89/90-1,113,38.2,-76.815,1,7.2,93.2
234,89/90-2,113,38.2013,-76.7003,1,10.1,85.3
235,89/90-2,113,38.2148,-76.819,1,7.2,94.6
236,89/90-2,113,38.197,-76.8205,1,6.7,93.6
237,90/91-1,113,38.1748,-76.8493,1.8,5.4,87.4
238,90/91-1,113,38.2018,-76.8245,1,6.3,97.2
239,90/91-1,113,38.1862,-76.8452,1.8,5.8,0
240,90/91-2,113,38.1752,-76.8017,1.4,6.8,92.4
241,90/91-2,113,38.2077,-76.7853,1,11.2,88.1
242,90/91-2,113,38.1888,-76.8117,1.4,6.8,85
243,91/92-1,113,38.1992,-76.7658,1,11.9,92.9
244,91/92-1,113,38.1797,-76.8445,1,6,92.4
245,91/92-1,113,38.1802,-76.8487,1.4,6,97.9
246,91/92-2,113,38.19,-76.8125,1.4,7.3,97.5
247,91/92-2,113,38.1857,-76.8292,1.8,7,94.6
248,91/92-2,113,38.2065,-76.7173,1.8,11.3,47.2
249,92/93-1,113,38.1698,-76.8302,1,5.2,91
250,92/93-1,113,38.1957,-76.8048,1.67,6.7,90
251,92/93-1,113,38.224,-76.8042,1.67,8.6,76.2
252,89/90-1,115,38.3492,-76.9885,4,7,87
253,89/90-1,115,38.3815,-77.0007,2.5,9.3,91.7
254,89/90-1,115,38.3867,-76.996,1,17.7,92.4
255,89/90-2,115,38.2785,-76.9732,4,5.6,89.3
256,89/90-2,115,38.3138,-76.9803,4.5,7.5,87.8
257,89/90-2,115,38.2798,-76.97,4,6.6,94.2
258,90/91-1,115,38.329,-76.975,4.5,5.5,79.7
259,90/91-1,115,38.3473,-76.9907,4,17.1,94.5
260,90/91-1,115,38.3513,-76.9903,4,16,95.4
261,90/91-2,115,38.324,-76.9908,4.5,14.6,83.9
262,90/91-2,115,38.3387,-76.9853,4,13.7,22.2
263,90/91-2,115,38.3313,-76.992,3,23.3,94.3
264,91/92-1,115,38.393,-77.013,4.5,6.1,88.8
265,91/92-1,115,38.3055,-76.9812,4,7.1,92.4
266,91/92-1,115,38.2935,-76.9642,1,8.5,87.1
267,91/92-2,115,38.3122,-76.9558,4.5,6.1,87
268,91/92-2,115,38.3133,-76.9757,3.5,7.1,83.6
269,91/92-2,115,38.3733,-76.9917,1.5,19.8,53.3
270,92/93-1,115,38.3848,-77.0043,4,8.1,92.7
271,92/93-1,115,38.3207,-76.9517,4,5,92
272,92/93-1,115,38.324,-76.944,4,5.3,92
273,89/90-1,116,38.3853,-77.2962,4.6,3.7,96.9
274,89/90-1,116,38.4462,-77.277,4.6,8.6,94.3
275,89/90-1,116,38.3683,-77.2647,4.2,5,96
276,89/90-2,116,38.3778,-77.1565,4.2,8.6,92.4
277,89/90-2,116,38.5195,-77.2873,4.6,9.3,92.8
278,89/90-2,116,38.3743,-77.2907,4.6,4.2,84
279,90/91-1,116,38.4518,-77.3013,4.2,2.9,97.8
280,90/91-1,116,38.3712,-77.1402,5,13.8,91.3
281,90/91-1,116,38.4372,-77.3077,1.8,2.5,86.1
282,90/91-2,116,38.4215,-77.3077,3.8,3.2,96.7
283,90/91-2,116,38.4588,-77.2737,1.8,8.2,92.8
284,90/91-2,116,38.352,-77.2002,2.2,11.8,96.7
285,91/92-1,116,38.3667,-77.2748,4.6,4.1,77.7
286,91/92-1,116,38.3467,-77.1962,4.2,7.5,97.2
287,91/92-1,116,38.379,-77.2958,4.6,3.3,92.4
288,91/92-2,116,38.3467,-77.2078,4.2,8.6,81.8
289,91/92-2,116,38.4382,-77.3157,4.6,3.4,92.6
290,91/92-2,116,38.37,-77.2775,4.2,4.9,94.7
291,92/93-1,116,38.4933,-77.275,4,6.9,96.3
292,92/93-1,116,38.4477,-77.2675,5,4.8,97.3
293,92/93-1,116,38.3643,-77.1742,4,6.3,96.4
294,89/90-1,117,38.7422,-77.0435,5,2.8,93.8
295,89/90-1,117,38.6927,-77.083,5,2.7,79.5
296,89/90-1,117,38.7783,-77.0407,5,3.1,75.8
297,89/90-2,117,38.6587,-77.1308,5,2.1,93.5
298,89/90-2,117,38.7827,-77.0317,5,1.9,90.5
299,89/90-2,117,38.6462,-77.1217,5,1.8,96.7
300,90/91-1,117,38.7832,-77.0295,5,2.4,86.5
301,90/91-1,117,38.7007,-77.0705,5,7.6,79.3
302,90/91-1,117,38.6743,-77.1267,5,2.3,56.6
303,90/91-2,117,38.7002,-77.0678,5,10.5,86.7
304,90/91-2,117,38.704,-77.0515,5,18,73
305,90/91-2,117,38.7758,-77.0378,5,7.4,12.9
306,91/92-1,117,38.7072,-77.0467,5,16.4,70.2
307,91/92-1,117,38.6607,-77.132,5,4.3,71.5
308,91/92-1,117,38.669,-77.1245,5,2,66.5
309,91/92-2,117,38.6982,-77.0633,5,14.2,90
310,91/92-2,117,38.756,-77.0333,5,8,84
311,91/92-2,117,38.6923,-77.1108,5,8.1,69.7
312,92/93-1,117,38.7167,-77.0357,5,9.5,78.7
313,92/93-1,117,38.6368,-77.1282,5,5.7,89.9
314,92/93-1,117,38.6773,-77.1217,5,2.1,74.7
315,89/90-1,119,38.6388,-76.168,3.8,9.3,76.5
316,89/90-1,119,38.6578,-76.2145,3.4,7.4,77.5
317,89/90-1,119,38.6723,-76.2608,3.8,5.8,91.1
318,89/90-2,119,38.6348,-76.1965,2.2,6,25
319,89/90-2,119,38.639,-76.2262,2.2,7.3,63.5
320,89/90-2,119,38.6637,-76.2093,3.4,6,63.2
321,90/91-1,119,38.6682,-76.2603,4.2,5.8,83.3
322,90/91-1,119,38.6467,-76.2832,3.4,8.6,87.3
323,90/91-1,119,38.675,-76.2822,3.8,4.3,69.1
324,90/91-2,119,38.6223,-76.2092,4.2,4.6,69.9
325,90/91-2,119,38.6558,-76.2763,3.4,7.6,68.7
326,90/91-2,119,38.6508,-76.2238,3,7.4,74.5
327,91/92-1,119,38.6563,-76.2883,4.6,7,85.3
328,91/92-1,119,38.6642,-76.2925,4.2,9.6,69
329,91/92-1,119,38.645,-76.192,4.2,11.9,90.9
330,91/92-2,119,38.6532,-76.1775,3.8,6.8,76.8
331,91/92-2,119,38.6495,-76.2267,4.2,8.3,75.7
332,91/92-2,119,38.6703,-76.2358,3.8,6.1,84.4
333,92/93-1,119,38.6635,-76.276,5,6.4,84.9
334,92/93-1,119,38.6725,-76.2843,3.67,5.6,82.7
335,92/93-1,119,38.631,-76.198,5,6.2,50.8
336,89/90-1,120,38.6782,-75.9537,3,4.7,88.1
337,89/90-1,120,38.5885,-76.0137,3.5,3.3,31.1
338,89/90-1,120,38.5957,-76.0737,3,3.9,81.9
339,89/90-2,120,38.5788,-76.0163,1,3,74.9
340,89/90-2,120,38.6312,-75.9872,1,3.5,93.5
341,89/90-2,120,38.652,-75.959,3,7.5,88.5
342,90/91-1,120,38.5915,-76.0743,1.5,8.8,84.7
343,90/91-1,120,38.5842,-75.989,1.5,1.9,83.5
344,90/91-1,120,38.6633,-75.9577,4,3.6,82.8
345,90/91-2,120,38.571,-76.05,2.5,10.1,92.7
346,90/91-2,120,38.6218,-75.9745,4,2,84.1
347,90/91-2,120,38.586,-76.0685,1,9.1,91.6
348,91/92-1,120,38.5815,-76.0652,2,10.3,93.7
349,91/92-1,120,38.6688,-75.9525,4,6,93.4
350,91/92-1,120,38.6123,-75.9788,2,2.7,74.3
351,91/92-2,120,38.6557,-75.955,2.5,3.7,89.8
352,91/92-2,120,38.6185,-75.9867,4,5.6,92.2
353,91/92-2,120,38.6017,-75.9853,4.5,14.8,90.9
354,92/93-1,120,38.5963,-76.0717,1,5,76
355,92/93-1,120,38.576,-76.0192,3,5.6,26.7
356,92/93-1,120,38.576,-76.0487,3,4,86
357,89/90-1,121,38.7782,-75.9565,3.8,6.8,82.2
358,89/90-1,121,38.7617,-75.9848,4.2,5.6,70.5
359,89/90-1,121,38.7833,-75.9428,1,5.7,81.2
360,89/90-2,121,38.7658,-75.9877,3,5,84.5
361,89/90-2,121,38.769,-75.9747,2.6,7.8,72.8
362,89/90-2,121,38.779,-75.9668,4.2,1.5,86
363,90/91-1,121,38.7805,-75.965,4.2,7.4,88.8
364,90/91-1,121,38.761,-75.9563,1.8,9.6,77.1
365,90/91-1,121,38.78,-75.9625,1.8,3.2,73.2
366,90/91-2,121,38.8038,-75.9082,2.6,4.3,71.8
367,90/91-2,121,38.7597,-75.9738,2.6,4.9,62.8
368,90/91-2,121,38.8045,-75.9047,2.6,6.9,53
369,91/92-1,121,38.7618,-75.9848,2.2,5.9,81.5
370,91/92-1,121,38.7968,-75.9318,4.6,8.3,84
371,91/92-1,121,38.7912,-75.9348,2.2,6.5,89.9
372,91/92-2,121,38.763,-75.981,3.8,5.5,86.4
373,91/92-2,121,38.7618,-75.9887,3.8,4.7,87.2
374,91/92-2,121,38.807,-75.91,2.6,4.8,85.9
375,92/93-1,121,38.8117,-75.9,5,7.1,89.1
376,92/93-1,121,38.7642,-75.9795,4,5.3,89.4
377,92/93-1,121,38.7612,-75.9907,4,3.2,95.6
378,89/90-1,122,39.1065,-76.1272,5,3.3,76.7
379,89/90-1,122,39.0692,-76.1998,5,4.5,68.2
380,89/90-1,122,38.9992,-76.1917,1,11.7,17.3
381,89/90-2,122,39.0845,-76.1743,3,6.7,96.4
382,89/90-2,122,39.0083,-76.1978,3,4.5,52.9
383,89/90-2,122,38.9887,-76.2073,1,2,61.8
384,90/91-1,122,39.0953,-76.1587,2,8.6,87.6
385,90/91-1,122,39.0612,-76.1882,1,4.6,0
386,90/91-1,122,39.0752,-76.1893,3,3.4,92.5
387,90/91-2,122,39.0258,-76.187,1.5,4.7,78.4
388,90/91-2,122,39.0167,-76.193,3,4,67.5
389,90/91-2,122,39.0735,-76.1677,2.5,3.4,83.6
390,91/92-1,122,39.1012,-76.1445,4,9,93.4
391,91/92-1,122,39.0853,-76.1528,3,5,79.2
392,91/92-1,122,39.0737,-76.1863,2.5,5.6,91.2
393,91/92-2,122,39.0828,-76.1608,1.5,2.8,78.5
394,91/92-2,122,39.0577,-76.2035,3.5,6.2,61.6
395,91/92-2,122,38.99,-76.206,1,18.2,93.9
396,92/93-1,122,38.9905,-76.2217,3,16.4,96.4
397,92/93-1,122,39.0525,-76.1928,1,5.9,81.8
398,92/93-1,122,39.0615,-76.1963,3,5.6,94
399,89/90-1,123,39.161,-76.0565,1,6.1,85.2
400,89/90-1,123,39.1792,-76.0482,4,3.1,95.6
401,89/90-1,123,39.1918,-76.0718,1.5,4.8,33.8
402,89/90-2,123,39.1432,-76.0807,3.5,9,96.3
403,89/90-2,123,39.1612,-76.0595,3.5,4.5,85.8
404,89/90-2,123,39.1595,-76.058,4.5,4.5,86.9
405,90/91-1,123,39.1758,-76.0403,2.5,6,93
406,90/91-1,123,39.191,-76.0717,3.5,3.1,73.4
407,90/91-1,123,39.1608,-76.0543,4.5,5.1,79.4
408,90/91-2,123,39.1837,-76.0597,4.5,6,80.5
409,90/91-2,123,39.1803,-76.0495,4,2.6,94.8
410,90/91-2,123,39.1415,-76.0762,1,2.1,83.8
411,91/92-1,123,39.1512,-76.078,4.5,7.4,81.8
412,91/92-1,123,39.1313,-76.075,4.5,15,92.4
413,91/92-1,123,39.1542,-76.0708,4.5,5.5,93.6
414,91/92-2,123,39.1965,-76.0682,4,6,87.8
415,91/92-2,123,39.1477,-76.082,4.5,7.5,92.8
416,91/92-2,123,39.159,-76.0582,3,4.5,91.9
417,92/93-1,123,39.1805,-76.0497,5,3.7,89.6
418,92/93-1,123,39.1572,-76.0575,3,5.9,95.7
419,92/93-1,123,39.1653,-76.045,3,3.9,96.3
420,89/90-1,124,39.1735,-76.481,3.5,4.2,62.6
421,89/90-1,124,39.1792,-76.4845,2.5,4.3,90.1
422,89/90-1,124,39.1722,-76.4948,3.5,3.5,95.7
423,89/90-2,124,39.1702,-76.4952,1.5,4,90.7
424,89/90-2,124,39.1768,-76.5167,2,4.5,94.4
425,89/90-2,124,39.2062,-76.5217,1.5,5.5,91.6
426,90/91-1,124,39.178,-76.4875,3.5,3.4,83
427,90/91-1,124,39.1992,-76.5095,3,5.6,78.4
428,90/91-1,124,39.1845,-76.5003,4.5,3.6,80.3
429,90/91-2,124,39.1698,-76.4907,3,4.5,97.8
430,90/91-2,124,39.2127,-76.5292,1,7.8,77.4
431,90/91-2,124,39.1915,-76.505,1.5,5.5,78.3
432,91/92-1,124,39.194,-76.5222,2,3.9,78.2
433,91/92-1,124,39.186,-76.4807,4.5,4.3,86.1
434,91/92-1,124,39.198,-76.509,1,5.6,98.9
435,91/92-2,124,39.1787,-76.4967,1,4.9,94.7
436,91/92-2,124,39.1857,-76.4702,1,5,91.2
437,91/92-2,124,39.1938,-76.5223,2,4.3,98
438,92/93-1,124,39.1718,-76.484,1,3.9,97.1
439,92/93-1,124,39.1902,-76.4977,2,4,74.5
440,92/93-1,124,39.1927,-76.5148,1,4.1,62
441,89/90-1,125,39.2267,-76.5093,4.5,2.4,54.7
442,89/90-1,125,39.2217,-76.5015,1,5.4,93.5
443,89/90-1,125,39.2218,-76.5083,1,3,71.8
444,89/90-2,125,39.245,-76.4937,1,3,90.3
445,89/90-2,125,39.2267,-76.5003,1,4,91.9
446,89/90-2,125,39.2418,-76.4952,1,2.5,86.4
447,90/91-1,125,39.2462,-76.494,1,2.9,84.9
448,90/91-1,125,39.2248,-76.5065,1,3.1,52.2
449,90/91-2,125,39.2168,-76.5028,1,7.5,90.3
450,90/91-2,125,39.2062,-76.5038,1,7.9,84.4
451,90/91-2,125,39.2228,-76.5033,1.5,3.7,85.4
452,91/92-1,125,39.2163,-76.503,1,5.8,95.8
453,91/92-1,125,39.2113,-76.5027,3,4.6,94
454,91/92-1,125,39.2133,-76.5065,1,4.8,92.4
455,91/92-2,125,39.2283,-76.4945,1,2.2,76.6
456,91/92-2,125,39.214,-76.507,1,4.6,89.3
457,91/92-2,125,39.229,-76.5028,1,2.8,85.9
458,92/93-1,125,39.2153,-76.4982,1,7,93.4
459,92/93-1,125,39.2258,-76.5052,4,2.2,80
460,92/93-1,125,39.216,-76.5042,2,3.5,84.7
461,89/90-1,126,39.2238,-76.5688,1,8.1,95
462,89/90-1,126,39.211,-76.5787,4,4.2,63.2
463,89/90-1,126,39.2103,-76.583,1,8,93.8
464,89/90-2,126,39.2122,-76.581,1,8,73.9
465,89/90-2,126,39.2192,-76.5718,1,3,51.8
466,89/90-2,126,39.2213,-76.5638,1,5.5,92.7
467,90/91-1,126,39.2172,-76.5663,1,4.4,85.3
468,90/91-1,126,39.22,-76.576,1,15,87.3
469,90/91-1,126,39.2117,-76.5792,1,10.2,78.5
470,90/91-2,126,39.2093,-76.5732,1,5.8,86
471,90/91-2,126,39.2183,-76.5733,1,5.3,97.3
472,90/91-2,126,39.2182,-76.5598,1,5.6,83.9
473,91/92-1,126,39.2195,-76.5645,1,5.5,91.8
474,91/92-1,126,39.2028,-76.5788,1,5.7,92.6
475,91/92-1,126,39.218,-76.5698,1.5,3.7,88
476,91/92-2,126,39.223,-76.5695,1.5,5.5,77.8
477,91/92-2,126,39.2125,-76.574,2,2.8,73.2
478,91/92-2,126,39.2183,-76.5783,1,6.7,90.3
479,92/93-1,126,39.2227,-76.5657,1,9.7,97.5
480,92/93-1,126,39.2242,-76.5693,3,5.7,89
481,92/93-1,126,39.2257,-76.5683,1,7.1,88
482,89/90-1,127,39.2543,-76.5905,3,3.9,80.9
483,89/90-1,127,39.2592,-76.5837,1.5,5.1,87.4
484,89/90-1,127,39.2607,-76.5907,4.5,4,90.6
485,89/90-2,127,39.258,-76.5878,1,6,94
486,89/90-2,127,39.2548,-76.611,3,3.5,70
487,90/91-1,127,39.2565,-76.5925,1,12.8,95.6
488,90/91-1,127,39.2607,-76.6208,1,3.5,92.2
489,90/91-1,127,39.2575,-76.6157,1,4.4,84.3
490,90/91-2,127,39.2525,-76.5862,1.5,3.7,89.9
491,90/91-2,127,39.2527,-76.5892,1.5,3.6,76.9
492,90/91-2,127,39.2563,-76.62,1,3.7,92.1
493,91/92-1,127,39.2553,-76.6,2.5,4.2,90.9
494,91/92-1,127,39.2555,-76.6142,2.5,2.4,85.5
495,91/92-1,127,39.2647,-76.6023,1,7.7,87.2
496,91/92-2,127,39.2583,-76.621,1,2.4,77
497,91/92-2,127,39.2573,-76.5833,1,6,95.7
498,91/92-2,127,39.263,-76.602,1,8.8,89.9
499,92/93-1,127,39.2617,-76.605,1,9.3,95
500,92/93-1,127,39.2632,-76.6268,2,3.3,84.6
501,92/93-1,127,39.2635,-76.6257,2,2.4,91.9
502,89/90-1,128,38.4167,-76.5585,2.67,2.3,3
503,89/90-1,128,38.4037,-76.5317,3.67,2.4,4.4
504,89/90-1,128,38.401,-76.5518,4.33,2.7,4.9
505,89/90-2,128,38.3878,-76.5125,2.67,1.9,1.2
506,89/90-2,128,38.3985,-76.5157,3.67,2.1,8.7
507,89/90-2,128,38.419,-76.5672,4.33,2.2,12.8
508,90/91-1,128,38.4012,-76.5498,4.33,2.4,27.1
509,90/91-1,128,38.419,-76.5692,3.67,1.6,4.5
510,90/91-1,128,38.4173,-76.5582,4,2.7,59.5
511,90/91-2,128,38.4047,-76.5237,4,3.1,4
512,90/91-2,128,38.4043,-76.5463,2,2.6,7.9
513,90/91-2,128,38.4038,-76.5498,2.33,2.5,4.8
514,91/92-1,128,38.4073,-76.5267,2,2.8,2.8
515,91/92-1,128,38.4093,-76.534,2.67,2.5,3.7
516,91/92-1,128,38.4177,-76.5562,1,2.1,2.1
517,91/92-2,128,38.4167,-76.5595,2.67,2.9,7
518,91/92-2,128,38.4032,-76.5182,3,2.6,4.2
519,91/92-2,128,38.4013,-76.5375,2.33,2.6,2.4
520,92/93-1,128,38.4075,-76.5452,2.33,2.4,71.9
521,92/93-1,128,38.4052,-76.5292,3.67,2,2.8
522,92/93-1,128,38.4302,-76.5903,3.67,1.5,6.2
523,89/90-1,129,38.3863,-76.5318,1.8,15.3,89.7
524,89/90-1,129,38.4203,-76.5937,3.8,4.4,92.3
525,89/90-1,129,38.4182,-76.5968,1.8,7,94.4
526,89/90-2,129,38.4137,-76.5868,1.4,12.2,95.3
527,89/90-2,129,38.4095,-76.5863,3.4,5.9,92.1
528,89/90-2,129,38.4178,-76.5912,1,9.2,94.5
529,90/91-1,129,38.4098,-76.5948,3,4.6,89.7
530,90/91-1,129,38.4035,-76.5835,3,4.9,90
531,90/91-1,129,38.4078,-76.5845,3,5.9,92.7
532,90/91-2,129,38.3848,-76.5272,2.2,11.5,93.1
533,90/91-2,129,38.3963,-76.5518,1.4,11.1,85.5
534,90/91-2,129,38.411,-76.579,1,7.8,84.9
535,91/92-1,129,38.399,-76.5292,2.6,5.6,91.6
536,91/92-1,129,38.407,-76.5882,4.2,5.6,85.6
537,91/92-1,129,38.3908,-76.5265,3.4,8.1,85.4
538,91/92-2,129,38.4115,-76.5778,1.4,9.1,96.1
539,91/92-2,129,38.396,-76.5568,2.2,15.5,83.3
540,91/92-2,129,38.384,-76.5173,4.2,9.8,77.9
541,92/93-1,129,38.3892,-76.5218,4.33,9.3,90.6
542,92/93-1,129,38.3973,-76.5375,4.33,7.8,81.1
543,92/93-1,129,38.431,-76.5833,5,7.6,84.8
544,89/90-1,130,38.6115,-76.6748,3.5,5,86.2
545,89/90-1,130,38.5167,-76.6697,4,3.6,96.8
546,89/90-1,130,38.5767,-76.684,4,2,95.6
547,89/90-2,130,38.57,-76.6815,4,4.2,95
548,89/90-2,130,38.515,-76.6707,4.5,5.1,94.9
549,89/90-2,130,38.5295,-76.6725,4.5,3.3,92.2
550,90/91-1,130,38.5338,-76.6747,4,3.7,95.3
551,90/91-1,130,38.573,-76.6833,2,2.2,88.6
552,90/91-1,130,38.5248,-76.6643,4.5,2.7,96.5
553,90/91-2,130,38.5717,-76.6778,4.5,2.1,91.5
554,90/91-2,130,38.532,-76.6712,4.5,4.2,87.3
555,90/91-2,130,38.5558,-76.673,4,3.7,94
556,91/92-1,130,38.5928,-76.6717,3.5,1.7,64.5
557,91/92-1,130,38.5565,-76.6767,4,3.3,92.7
558,91/92-1,130,38.5953,-76.6748,4.5,2.6,86.3
559,91/92-2,130,38.5702,-76.6788,4.5,4.3,89.5
560,91/92-2,130,38.6068,-76.6723,4.5,4.1,39.7
561,91/92-2,130,38.5923,-76.6717,4.5,3.6,82.2
562,92/93-1,130,38.5535,-76.6712,3,2.9,82.8
563,92/93-1,130,38.5325,-76.6737,4,3.7,93.6
564,92/93-1,130,38.5295,-76.6718,4,3.9,93.5
565,89/90-1,131,38.7445,-76.6873,3,3.7,88
566,89/90-1,131,38.7365,-76.6962,3,9.3,86.6
567,89/90-1,131,38.7802,-76.7172,5,3,24
568,89/90-2,131,38.7727,-76.7098,5,2.1,54.7
569,89/90-2,131,38.7578,-76.7022,5,2.7,56.5
570,89/90-2,131,38.7705,-76.7055,5,1.4,34
571,90/91-1,131,38.7682,-76.7027,5,2.4,14.6
572,90/91-1,131,38.7533,-76.7018,5,4.5,29.1
573,90/91-1,131,38.7568,-76.702,5,3,56.3
574,90/91-2,131,38.7775,-76.7145,5,3.8,49.9
575,90/91-2,131,38.7668,-76.7008,5,3.1,41.9
576,90/91-2,131,38.768,-76.7017,4,1.8,32.2
577,91/92-1,131,38.7588,-76.7,5,3,12.8
578,91/92-1,131,38.7532,-76.6985,5,4.4,80.6
579,91/92-1,131,38.7798,-76.715,5,2.8,47.7
580,91/92-2,131,38.7683,-76.7018,5,3.1,14.5
581,91/92-2,131,38.776,-76.7142,5,2.8,77.3
582,91/92-2,131,38.7535,-76.7,5,3,24.8
583,92/93-1,131,38.764,-76.701,5,2.6,87.5
584,92/93-1,131,38.7583,-76.6997,5,3.5,54.2
585,92/93-1,131,38.7543,-76.7,4,3.9,44.5
