"Zone","Cost"
"Z1",862.371190648826
"Z1",668.223218158161
"Z1",215.340285400659
"Z1",326.682348207584
"Z1",624.956808544055
"Z1",357.813088807939
"Z1",539.306686872514
"Z1",2380.55299539171
"Z1",680.704028420377
"Z1",680.307076101469
"Z1",1056.34098997088
"Z1",443.497662558436
"Z1",310.375936006542
"Z1",203.976435935199
"Z1",117.133053304147
"Z1",692.319704713231
"Z1",430.16393442623
"Z1",447.849424658559
"Z1",435.289373507968
"Z1",1035.13623424156
"Z1",137.38288569644
"Z1",227.256637168142
"Z1",201.252041371802
"Z1",175.220315815978
"Z1",784.749849306811
"Z1",736.898096304591
"Z1",337.276201574119
"Z1",326.130369253956
"Z1",1356.19646914875
"Z1",335.097650721766
"Z1",262.210110078016
"Z1",327.764733505518
"Z1",520.330495743615
"Z1",629.589811445584
"Z1",297.36130365533
"Z1",155.732835249904
"Z1",168.724754760531
"Z1",748.150901319457
"Z1",446.476964769648
"Z1",169.714188788059
"Z1",246.028811008385
"Z1",55.3217669496739
"Z1",234.430006489729
"Z1",214.048806397356
"Z1",385.886025504782
"Z1",96.8347935906544
"Z1",115.277106570528
"Z1",344.521936582597
"Z1",283.677737286732
"Z1",165.849705304519
"Z1",242.619783616692
"Z1",210.904121443924
"Z1",193.113315949971
"Z1",218.205112654274
"Z1",234.018924757355
"Z1",72.4010272845636
"Z1",161.148938451641
"Z1",169.34189237828
"Z1",137.534653465347
"Z1",84.5327411319849
"Z1",186.006297778249
"Z2",1159.51971060603
"Z2",123.742786479802
"Z2",1369.18447186277
"Z2",218.497296947331
"Z2",955.609756097561
"Z2",452.772673875719
"Z2",187.196344103263
"Z2",464.466484268126
"Z2",542.447763816888
"Z2",579.785075936181
"Z2",208.344575062632
"Z2",1231.84756719973
"Z2",128.21055830429
"Z2",445.603996366939
"Z2",136.600654455824
"Z2",547.539929252867
"Z2",33.5570469798658
"Z2",329.957831974615
"Z2",339.452306911214
"Z2",262.234619556795
"Z2",303.046989720999
"Z2",128.979659289659
"Z2",466.017203855322
"Z2",118.711899620021
"Z2",602.611386138614
"Z2",99.6240601503759
"Z2",236.083526304548
"Z2",424.822916341623
"Z2",490.826743350108
"Z2",80.9709319748277
"Z2",43.919065350592
"Z2",280.317679558011
"Z2",181.577781995319
"Z2",118.501040943789
"Z2",277.553473886347
"Z2",287.937841775225
"Z2",216.119877398116
"Z2",77.8906418845904
"Z2",22.645097871613
"Z2",208.330706179067
"Z2",167.483789340503
"Z2",213.826525566215
"Z2",114.676936243047
"Z2",196.892713603135
"Z2",237.104399409799
"Z2",142.948498344182
"Z2",198.81218183442
"Z2",147.871544688419
"Z2",246.91395910852
"Z2",110.553289052227
"Z2",201.305937663242
"Z2",308.294042006001
"Z2",187.243864132027
"Z2",180.444512350056
"Z2",194.606003752345
"Z2",133.801673784909
"Z2",61.1419585366076
"Z2",211.474761265699
"Z2",143.04976168195
"Z2",116.546342460454
"Z2",101.114251549081
"Z2",154.315366888786
"Z3",727.568092526376
"Z3",1185.23759868911
"Z3",333.503691084611
"Z3",204.640176146434
"Z3",600.658213144904
"Z3",247.779522065236
"Z3",316.533430232558
"Z3",976.813271604938
"Z3",452.421021888619
"Z3",284.333017975402
"Z3",354.104067423965
"Z3",53.5192563081009
"Z3",103.689480643069
"Z3",766.293522736046
"Z3",223.344298423296
"Z3",145.40487804878
"Z3",27.6901669758813
"Z3",231.979611556325
"Z3",105.852894273005
"Z3",79.7518689358995
"Z3",72.5256997515396
"Z3",398.4145625367
"Z3",114.695858498706
"Z3",114.373323112304
"Z3",2212.66713581985
"Z3",196.320889726073
"Z3",402.757336643319
"Z3",176.281196418365
"Z3",249.214952617407
"Z3",189.070218772054
"Z3",322.4644992986
"Z3",47.903699354081
"Z3",62.6237623762376
"Z3",194.102791298612
"Z3",134.867218110579
"Z3",68.779757856074
"Z3",1066.68272705372
"Z3",35.6797618126982
"Z3",207.583774250441
"Z3",37.2698762299203
"Z3",80.9837974192297
"Z3",43.8146304098047
"Z3",202.428391182293
"Z3",231.656732183951
"Z3",101.329915077712
"Z3",49.1314928253755
"Z3",100.439083082019
"Z3",293.633762517883
"Z3",159.068253346481
"Z3",86.8280374631142
"Z3",116.476315296761
"Z3",197.461375966575
"Z3",137.057781206155
"Z3",168.968898851219
"Z3",39.4851379536948
"Z3",61.7502148304388
"Z3",208.603230171173
"Z3",125.372683319903
"Z3",142.088134302023
"Z3",284.794086589229
"Z3",150.630739039466
"Z4",722.441860465116
"Z4",926.162885588379
"Z4",615.922294843863
"Z4",210.305629247374
"Z4",455.895967840175
"Z4",349.123090880723
"Z4",237.60510542883
"Z4",702.62456428132
"Z4",327.741836564569
"Z4",482.956463044212
"Z4",126.938211209189
"Z4",173.890552681732
"Z4",75.0479648666552
"Z4",211.586622285624
"Z4",283.029720380276
"Z4",730.057877813505
"Z4",215.105746781174
"Z4",275.424433680708
"Z4",402.915129151291
"Z4",45.7370231697039
"Z4",180.469166518571
"Z4",401.544823448749
"Z4",249.212984129058
"Z4",253.822441430333
"Z4",179.943859847594
"Z4",373.807200362458
"Z4",116.326334039684
"Z4",263.471713471713
"Z4",80.041408720553
"Z4",123.854158978522
"Z4",117.678431584348
"Z4",92.7687454501335
"Z4",69.5511087074094
"Z4",135.374033515789
"Z4",124.849955305836
"Z4",165.337736887631
"Z4",180.651518664503
"Z4",80.6604146212096
"Z4",372.75264102053
"Z4",93.1211996414642
"Z4",32.8280103582218
"Z4",128.689915174364
"Z4",169.777936606399
"Z4",274.907157188453
"Z4",54.1693167743447
"Z4",181.056365112602
"Z4",140.865297392268
"Z4",146.232585179495
"Z4",123.245537442961
"Z4",354.497295798086
"Z4",884.383622116764
"Z4",163.497452820936
"Z4",163.802832369338
"Z4",142.116292005524
"Z4",118.401262996628
"Z4",62.9246621045851
"Z4",172.241658202611
"Z4",102.82270304749
"Z4",97.4853903639421
"Z4",208.72173211544
"Z4",121.704865332308
"Z5",697.803833984739
"Z5",107.405022537025
"Z5",135.415336518351
"Z5",1203.47362352263
"Z5",291.339576276815
"Z5",1086.36553743204
"Z5",509.138168470836
"Z5",205.931117642626
"Z5",89.7746967071057
"Z5",70.4804786282613
"Z5",785.559845559846
"Z5",403.335770425882
"Z5",978.024193548387
"Z5",84.6913580246914
"Z5",228.911199777304
"Z5",422.782028324923
"Z5",56.162843941223
"Z5",423.853211009174
"Z5",100.834388307055
"Z5",211.008872822872
"Z5",6523.23651452282
"Z5",241.682009501688
"Z5",62.1902959394357
"Z5",60.6796116504854
"Z5",1059.82814178303
"Z5",139.449769699988
"Z5",292.365862441484
"Z5",228.796207228253
"Z5",347.490347490348
"Z5",228.581744202839
"Z5",285.614412476472
"Z5",206.315789473684
"Z5",34.6651500071093
"Z5",169.168065212179
"Z5",22.5654044143572
"Z5",1463.61161524501
"Z5",170.873071588788
"Z5",65.822592489428
"Z5",130.659439927733
"Z5",34.2992755433425
"Z5",34.9580683289244
"Z5",233.523399677246
"Z5",170.894728225278
"Z5",71.7711581890526
"Z5",67.2855879752431
"Z5",238.024041403615
"Z5",200.346402420387
"Z5",160.364224441007
"Z5",183.270164239644
"Z5",72.1194187582563
"Z5",195.080395212247
"Z5",103.897507486547
"Z5",172.899904037794
"Z5",374.612434073837
"Z5",152.354195502926
"Z6",223.307850632167
"Z6",147.921568627451
"Z6",243.814970169085
"Z6",1223.56475300401
"Z6",529.157767031765
"Z6",102.756986027944
"Z6",1174.69032474054
"Z6",401.59816505328
"Z6",683.053023494672
"Z6",160.803571428571
"Z6",22.1214111965342
"Z6",652.304065998821
"Z6",166.283972684358
"Z6",1011.47826086957
"Z6",205.435261427942
"Z6",420.9949300169
"Z6",20.8289334741288
"Z6",149.361261960176
"Z6",184.261186264308
"Z6",360.821415225736
"Z6",723.35537765402
"Z6",220.795676805827
"Z6",439.036028307956
"Z6",93.3104095029697
"Z6",260.898091643444
"Z6",356.5965583174
"Z6",67.493955016196
"Z6",850.275633958104
"Z6",128.291087489779
"Z6",190.991370237845
"Z6",415.872202962496
"Z6",110.763667304829
"Z6",121.299332587477
"Z6",23.9219994507004
"Z6",294.063528571995
"Z6",132.434526576786
"Z6",99.0536277602524
"Z6",218.432548938155
"Z6",192.224679818772
"Z6",84.663564781675
"Z6",39.8650373882911
"Z6",91.2903225806452
"Z6",147.415052547245
"Z6",281.553260715801
"Z6",74.1008375759566
"Z6",203.13694479907
"Z6",161.87096156714
"Z6",188.426345725826
"Z6",229.841009553686
"Z6",106.637406594628
"Z6",98.3969034487341
"Z6",147.007253561551
"Z6",228.324476809027
"Z6",379.75532527346
"Z6",148.167030367572
"Z7",411.0183639399
"Z7",50.2435328498755
"Z7",350.582750582751
"Z7",193.152078833211
"Z7",133.077292366779
"Z7",40.715607649599
"Z7",606.861804222649
"Z7",110.724476471442
"Z7",16.3707232568211
"Z7",157.974137931034
"Z7",53.4275891103003
"Z7",2164.50216450216
"Z7",42.9598402485023
"Z7",679.442508710801
"Z7",100.275387263339
"Z7",220.110957004161
"Z7",113.083408071749
"Z7",80.7626912800583
"Z7",1054.70198675497
"Z7",36.6271046094397
"Z7",226.72959418322
"Z7",27.7387378212309
"Z7",30.1276935355148
"Z7",302.365879580426
"Z7",356.045116390689
"Z7",102.616163322434
"Z1",906.533961880002
"Z1",1449.35106046217
"Z1",1085.2053282888
"Z1",408.143910883637
"Z1",437.425542053848
"Z1",469.756675887766
"Z1",222.820968923302
"Z1",79.4060933281913
"Z1",965.206804772055
"Z1",800.127270623626
"Z1",967.693424600705
"Z1",661.457121708787
"Z1",137.011278195489
"Z1",720.279490880462
"Z1",265.097365406644
"Z1",806.218879118551
"Z1",2417.61501210654
"Z1",546.953385108954
"Z1",752.054177578356
"Z1",1169.98106840069
"Z1",1011.72248803828
"Z1",277.934152166496
"Z1",823.757602729565
"Z1",509.222128086856
"Z1",342.492049068605
"Z1",2116.19937694704
"Z1",488.549309305587
"Z1",357.837276669848
"Z1",367.652966625464
"Z1",498.428270042194
"Z1",324.544907888263
"Z1",187.585094948047
"Z1",169.629461241191
"Z1",574.601844090528
"Z1",1759.04761904762
"Z1",346.164226893591
"Z1",298.283581132221
"Z1",202.240648142287
"Z1",364.946424666521
"Z1",116.547268773187
"Z1",214.842027920647
"Z1",201.643399295202
"Z1",418.728819941261
"Z1",96.5541006202619
"Z1",297.321824063011
"Z1",279.492676414331
"Z1",404.172984775884
"Z1",467.808923949986
"Z1",72.0354653643734
"Z1",578.766144872329
"Z1",239.257409430657
"Z1",323.972425039843
"Z1",2544.76825842697
"Z1",297.623789841039
"Z1",248.694993208422
"Z1",235.95837624747
"Z1",258.156673642071
"Z1",260.327543424318
"Z1",288.302856935945
"Z1",173.191084524298
"Z1",188.424583394582
"Z1",356.448842419716
"Z1",231.748556156725
"Z2",857.722308892356
"Z2",925.886416742863
"Z2",1495.12235449735
"Z2",354.323234650386
"Z2",1205.54375029513
"Z2",490.800565880506
"Z2",581.214213539912
"Z2",311.755297880848
"Z2",712.853333407561
"Z2",550
"Z2",1210.50204918033
"Z2",1111.9377490985
"Z2",333.47525018963
"Z2",896.781486108632
"Z2",192.643686945888
"Z2",409.937712344281
"Z2",1631.84984520124
"Z2",377.639886148474
"Z2",557.074888329526
"Z2",495.861327600108
"Z2",108.547380641416
"Z2",300.958987961641
"Z2",275.969946240041
"Z2",260.114584965199
"Z2",133.412118607649
"Z2",156.381874783812
"Z2",329.833579721797
"Z2",389.885839570575
"Z2",211.291015904857
"Z2",71.113399029269
"Z2",56.1523732742114
"Z2",124.748106684228
"Z2",96.7630324465631
"Z2",459.836816251769
"Z2",56.7371601208459
"Z2",316.399026489419
"Z2",312.488510758643
"Z2",568.665490887713
"Z2",155.264787860019
"Z2",267.58962011771
"Z2",100.326690623979
"Z2",207.534484757158
"Z2",146.825127334465
"Z2",204.689655172414
"Z2",229.082964838059
"Z2",288.800895882387
"Z2",302.275833217125
"Z2",174.125191691064
"Z2",61.4152410575428
"Z2",339.431955038137
"Z2",106.684687728783
"Z2",72.2505605381166
"Z2",265.304937076476
"Z2",275.343349785037
"Z2",263.537575169572
"Z2",257.363930858824
"Z2",183.007569891994
"Z2",110.790437968941
"Z2",174.504447713105
"Z2",131.849089023228
"Z2",218.172838112441
"Z2",218.941216913029
"Z2",182.834895831419
"Z3",777.616923339206
"Z3",229.553420011306
"Z3",136.64314516129
"Z3",263.241158113731
"Z3",1117.84370684318
"Z3",380.569535379033
"Z3",480.676056338028
"Z3",358.038379530917
"Z3",600.684898688932
"Z3",409.577641701994
"Z3",213.49648905411
"Z3",708.631958530539
"Z3",35.4284903518729
"Z3",872.209387502113
"Z3",171.256760390833
"Z3",239.339597670725
"Z3",1147.93720335889
"Z3",376.921833192634
"Z3",261.610236166131
"Z3",268.556828484299
"Z3",146.625588981515
"Z3",208.132825926835
"Z3",96.8685992015275
"Z3",548.618350589075
"Z3",349.176668660713
"Z3",290.403675939971
"Z3",522.45748582861
"Z3",37.6158748551564
"Z3",270.670970717086
"Z3",292.552096732699
"Z3",161.428297014065
"Z3",569.666644127392
"Z3",861.95652173913
"Z3",268.000713140894
"Z3",210.699675479118
"Z3",156.98294861385
"Z3",334.012629161883
"Z3",175.966689651514
"Z3",390.148370783837
"Z3",151.162520118676
"Z3",115.997039543244
"Z3",420.358422939068
"Z3",233.795136398774
"Z3",288.650191453875
"Z3",65.1895113947677
"Z3",237.944547859312
"Z3",59.0963077717532
"Z3",445.011826602118
"Z3",218.925754560928
"Z3",207.893732970027
"Z3",219.459118505086
"Z3",189.999412864967
"Z3",133.89147195012
"Z3",170.809756474383
"Z3",148.695755874488
"Z3",80.2130466543825
"Z3",192.382524566872
"Z3",124.557788541304
"Z3",144.68134414832
"Z3",190.76971125181
"Z3",174.894629548954
"Z4",741.543785433637
"Z4",786.378156373593
"Z4",1272.0801892105
"Z4",156.948714636352
"Z4",992.108160360892
"Z4",380.254585314642
"Z4",213.398679237447
"Z4",455.528145324064
"Z4",536.452740084164
"Z4",437.735418656706
"Z4",239.520234156274
"Z4",184.271579665643
"Z4",291.994830051699
"Z4",644.67059453669
"Z4",436.077927276086
"Z4",512.269865306448
"Z4",671.978851963746
"Z4",340.933464644475
"Z4",497.770512580473
"Z4",259.301866576439
"Z4",139.695440956652
"Z4",77.2336147969441
"Z4",840.16779721528
"Z4",153.682472629336
"Z4",143.035250162443
"Z4",1361.00065189048
"Z4",306.057965115802
"Z4",268.236782796858
"Z4",79.499803930112
"Z4",15.1846568394357
"Z4",95.3200955755129
"Z4",126.506288617759
"Z4",195.353227910383
"Z4",359.722337339412
"Z4",251.729518855657
"Z4",217.471630195627
"Z4",325.137815016348
"Z4",119.528255224434
"Z4",75.2269779507134
"Z4",19.4118320829277
"Z4",413.390225775864
"Z4",234.016032104746
"Z4",154.953180399406
"Z4",224.712494595763
"Z4",198.745510041865
"Z4",189.472582602126
"Z4",213.898870829512
"Z4",193.776748754648
"Z4",180.374503825577
"Z4",185.920677534527
"Z4",137.104804332982
"Z4",69.9651111415817
"Z4",288.419266514982
"Z4",200.750885878075
"Z4",160.313318436511
"Z4",188.724345041001
"Z4",112.534876489306
"Z4",55.7472623572053
"Z4",176.783497178889
"Z4",111.720006888133
"Z4",150.540088666444
"Z4",172.580096812317
"Z4",150.421009213469
"Z5",743.986744603489
"Z5",187.666263603386
"Z5",192.729766803841
"Z5",450.681510768911
"Z5",560.62951496388
"Z5",334.200010947507
"Z5",879.330024813896
"Z5",1143.64261168385
"Z5",517.760789506352
"Z5",538.12094521002
"Z5",1445.87189929656
"Z5",267.888776768696
"Z5",423.95260989011
"Z5",139.853054168267
"Z5",31.0710498409332
"Z5",597.527812113721
"Z5",528.585308092845
"Z5",280.732635585157
"Z5",79.1263650546022
"Z5",100.13783597519
"Z5",96.5937169078715
"Z5",171.71969224371
"Z5",94.4555359078204
"Z5",160.583475298126
"Z5",205.892805995101
"Z5",305.87723495889
"Z5",31.34765625
"Z5",136.070381231672
"Z5",76.7648693718733
"Z5",718.776534156696
"Z5",108.410229369892
"Z5",349.046104928458
"Z5",3062.64755480607
"Z5",258.608615221987
"Z5",343.963765370441
"Z5",173.724040830693
"Z5",635.246857587145
"Z5",120.594733385084
"Z5",890.25641025641
"Z5",289.260563380282
"Z5",387.271057381163
"Z5",133.739296221422
"Z5",129.840900271634
"Z5",135.107705053853
"Z5",9.00900900900901
"Z5",84.6862483311081
"Z5",171.883599080252
"Z5",304.458551708865
"Z5",1278.95689967403
"Z5",221.163272919721
"Z5",179.87707967499
"Z5",235.597974031973
"Z5",180.033403196227
"Z5",174.776076278532
"Z5",165.697618557409
"Z5",216.802452265761
"Z5",64.7588398240182
"Z5",198.618709502192
"Z5",184.766075350088
"Z6",706.44778411967
"Z6",56.8340463859491
"Z6",224.470384781669
"Z6",234.567088607595
"Z6",854.979358296516
"Z6",798.426895590813
"Z6",791.065700368302
"Z6",192.176759410802
"Z6",591.518439187931
"Z6",541.379173290938
"Z6",142.531044558072
"Z6",347.372140837831
"Z6",640.324975255691
"Z6",341.718424229123
"Z6",89.368347987043
"Z6",1246.96883852691
"Z6",356.593414854165
"Z6",333.437715411127
"Z6",154.939715673925
"Z6",60.736023972282
"Z6",173.04114318596
"Z6",142.951595129949
"Z6",62.1033307107265
"Z6",64.5152198421646
"Z6",292.021659817523
"Z6",147.586813186813
"Z6",97.6803756937527
"Z6",345.82213141198
"Z6",54.2614904060687
"Z6",174.905501889962
"Z6",603.017193566278
"Z6",154.09492787343
"Z6",204.15171706817
"Z6",228.848342237738
"Z6",98.9362800784881
"Z6",60.5398899587345
"Z6",334.17928776095
"Z6",268.963689371853
"Z6",111.466931874689
"Z6",598.570783812246
"Z6",230.581713058964
"Z6",280.321062549757
"Z6",339.899038003619
"Z6",333.451957295374
"Z6",131.474550898204
"Z6",348.449409202726
"Z6",147.571075966725
"Z6",46.6586454103374
"Z6",293.357101280559
"Z6",191.906551897246
"Z6",167.061266541908
"Z6",130.404559579388
"Z6",108.739098141611
"Z6",46.512852424489
"Z6",155.062417914804
"Z6",101.471733203045
"Z6",285.529063061222
"Z6",161.311417462001
"Z6",163.231231999855
"Z7",422.65836491608
"Z7",106.071302506177
"Z7",243.378119001919
"Z7",461.541383037775
"Z7",180.756627941615
"Z7",62.1419127368885
"Z7",3187.57170172084
"Z7",162.620192307692
"Z7",415.33398202736
"Z7",62.5889046941679
"Z7",84.468085106383
"Z7",1695.90075512406
"Z7",333.333333333333
"Z7",80.4348570450265
"Z7",48.3448526736995
"Z7",312.052117263844
"Z7",61.5146232810382
"Z7",326.504149377593
"Z7",43.5834082060497
"Z7",102.750859643639
"Z7",434.676941315945
"Z7",179.816351757019
"Z7",39.9144791542939
"Z7",47.732318426895
"Z7",25.855901890649
"Z7",60.5958023019634
"Z7",37.4786011249694
"Z7",169.307339212956
"Z7",8.46078293812263
"Z7",32.5573979591837
"Z7",132.780039670112
"Z1",1146.12897178742
"Z1",2436.58568273353
"Z1",308.24230387289
"Z1",1331.12169485958
"Z1",989.587242026266
"Z1",1610.92943201377
"Z1",204.654895666132
"Z1",3282.10689388071
"Z1",804.841412176783
"Z1",386.296309709195
"Z1",411.82400217954
"Z1",894.325729136587
"Z1",912.14353936417
"Z1",1096.72727272727
"Z1",423.897164136351
"Z1",131.51642208246
"Z1",571.69022174402
"Z1",655.697091273821
"Z1",638.881278538813
"Z1",191.812693270505
"Z1",33.4301881021563
"Z1",382.04831237591
"Z1",544.850938535149
"Z1",62.5436613930553
"Z1",769.969418960245
"Z1",525.221930599265
"Z1",292.182294145645
"Z1",513.694026715954
"Z1",215.097080966847
"Z1",966.340621403913
"Z1",223.552756448969
"Z1",63.9993232955507
"Z1",374.203067461843
"Z1",269.500239368899
"Z1",814.511021800024
"Z1",395.422877511342
"Z1",95.7890594254231
"Z1",127.993369734789
"Z1",280.768508667626
"Z1",764.999318522557
"Z1",45.9295261239368
"Z1",338.678872599795
"Z1",359.649596658024
"Z1",307.79712801711
"Z1",780.548246344469
"Z1",129.607880280356
"Z1",321.928861303414
"Z1",232.025412291385
"Z1",491.158816849619
"Z1",1008.07951266432
"Z1",495.949592618362
"Z1",269.683124509457
"Z1",244.903053233109
"Z1",60.7149089021011
"Z1",100.281344111587
"Z1",221.651590643408
"Z1",202.401168029148
"Z1",127.059596844873
"Z1",224.369281045752
"Z1",252.108112327102
"Z2",738.228013029316
"Z2",951.355508556047
"Z2",466.444550214184
"Z2",217.450871851647
"Z2",717.498033044847
"Z2",177.427391799544
"Z2",706.93093385214
"Z2",1240.86787564767
"Z2",556.048281413809
"Z2",756.235000164382
"Z2",344.105334233626
"Z2",160.623608017817
"Z2",9.45818132684772
"Z2",177.845726198749
"Z2",150.780318091451
"Z2",725.065643304383
"Z2",495.750216825672
"Z2",414.480691096998
"Z2",367.536474251773
"Z2",954.334179244023
"Z2",375.586095392078
"Z2",170.215912451937
"Z2",790.527704485488
"Z2",247.606659729448
"Z2",326.711042840075
"Z2",14.6099290780142
"Z2",378.498013407581
"Z2",303.506395786306
"Z2",268.663434903047
"Z2",246.158854166667
"Z2",102.340923600766
"Z2",974.801320454823
"Z2",320.644764778188
"Z2",179.902359641985
"Z2",299.401748734468
"Z2",350.605640281408
"Z2",284.744091082119
"Z2",200
"Z2",709.269521410579
"Z2",88.0801687763713
"Z2",317.373472949389
"Z2",55.2661137031277
"Z2",70.9165114009405
"Z2",154.422455573506
"Z2",300.034604909671
"Z2",246.724060637256
"Z2",251.231144950438
"Z2",417.246681520068
"Z2",35.429242119383
"Z2",236.800549261929
"Z2",198.04136283318
"Z2",277.933985330073
"Z2",607.566426183354
"Z2",299.85731193381
"Z2",246.496590528243
"Z2",248.758244167936
"Z2",259.205888517011
"Z2",133.907377239935
"Z2",208.956662109407
"Z2",125.536665897253
"Z2",228.619518221124
"Z2",184.573315036891
"Z2",227.461411023531
"Z3",655.842820999368
"Z3",269.317773788151
"Z3",450.224109459778
"Z3",764.300795842131
"Z3",1353.02276890866
"Z3",592.529305417857
"Z3",188.109110169492
"Z3",2218.91319689485
"Z3",584.993115684227
"Z3",762.252813901662
"Z3",812.933641700765
"Z3",209.258142340169
"Z3",177.398955182843
"Z3",301.690521807731
"Z3",263.776006222049
"Z3",389.512370025099
"Z3",263.793752352277
"Z3",468.823229939688
"Z3",337.459484488347
"Z3",619.408632286995
"Z3",113.695426195426
"Z3",83.9645220329438
"Z3",490.121895124195
"Z3",692.537671369759
"Z3",524.44
"Z3",641.981672394043
"Z3",308.222452737408
"Z3",434.189098998888
"Z3",478.829926870429
"Z3",687.394296951819
"Z3",229.02443950717
"Z3",50.6522668947819
"Z3",301.440821834327
"Z3",252.535691455359
"Z3",940.198581560284
"Z3",284.856801867047
"Z3",264.665779046825
"Z3",297.514513788099
"Z3",87.1409921671018
"Z3",78.887859128823
"Z3",293.079644490465
"Z3",223.960745015377
"Z3",445.364288987322
"Z3",86.7457527826596
"Z3",290.613151494871
"Z3",168.373493975904
"Z3",483.079985522982
"Z3",459.874800540076
"Z3",108.203292770222
"Z3",253.65597789978
"Z3",157.646027571918
"Z3",253.422031363828
"Z3",706.121724309353
"Z3",328.871435057281
"Z3",167.224881464105
"Z3",224.516508872925
"Z3",125.280616022509
"Z3",155.845292811806
"Z3",145.740917713846
"Z3",164.624672213104
"Z3",222.286481900452
"Z3",297.476271598929
"Z3",212.204041580442
"Z4",595.748141263941
"Z4",1053.15736297045
"Z4",197.69680951482
"Z4",96.2962962962963
"Z4",1113.02574764113
"Z4",255.2442782802
"Z4",210.14248506205
"Z4",547.321772639692
"Z4",485.967467599358
"Z4",608.059206194527
"Z4",125.617251797062
"Z4",166.370537877564
"Z4",239.894108231238
"Z4",465.985997666278
"Z4",402.47104778621
"Z4",606.153846153846
"Z4",394.28139183056
"Z4",411.959967411743
"Z4",369.433739855828
"Z4",160.65015260132
"Z4",42.3401090728805
"Z4",580.966992867806
"Z4",136.698442773403
"Z4",253.296257062147
"Z4",240.408882622489
"Z4",700.785559084072
"Z4",335.52724148982
"Z4",316.744770953804
"Z4",491.515867475702
"Z4",118.224932249323
"Z4",386.353608572329
"Z4",354.528357913491
"Z4",93.6540167570232
"Z4",533.142261594581
"Z4",93.2667083073079
"Z4",289.299769835378
"Z4",356.068217554328
"Z4",322.756056255062
"Z4",363.139322122506
"Z4",91.289817232376
"Z4",169.128002131466
"Z4",114.073855140999
"Z4",118.448462628114
"Z4",58.1778348568407
"Z4",277.496169517147
"Z4",195.019310102695
"Z4",208.661109220823
"Z4",204.607819811246
"Z4",252.515622496395
"Z4",223.069529613041
"Z4",199.716401287023
"Z4",133.035769636104
"Z4",473.136352169526
"Z4",239.834489296531
"Z4",173.097275299736
"Z4",205.670116765784
"Z4",200.076272228981
"Z4",21.4108156277848
"Z4",160.68870705933
"Z4",116.803190256611
"Z4",234.203633671143
"Z4",176.166203703704
"Z4",165.84340430492
"Z5",1314.46056210335
"Z5",344.754098360656
"Z5",2505.33864541833
"Z5",38.039457459926
"Z5",35.5624446412755
"Z5",856.432748538012
"Z5",496.02693371352
"Z5",423.654568210263
"Z5",84.1172460804363
"Z5",463.3875106929
"Z5",1236.53638189402
"Z5",369.3022710279
"Z5",490.854233452763
"Z5",214.1527723924
"Z5",71.792828685259
"Z5",213.560666137986
"Z5",45.7585357268567
"Z5",146.151624548736
"Z5",387.679453313426
"Z5",327.995438625071
"Z5",38.3810188415911
"Z5",100.27027027027
"Z5",154.602774274905
"Z5",134.152765583845
"Z5",3046.61016949153
"Z5",336.656638290409
"Z5",523.787553648069
"Z5",815.012722646311
"Z5",200.505848877648
"Z5",407.336476134355
"Z5",371.834654586636
"Z5",106.972275597035
"Z5",1072.00818274804
"Z5",264.205159439653
"Z5",606.983853486369
"Z5",639.023467070401
"Z5",120.972561803858
"Z5",590.9375
"Z5",133.388812504523
"Z5",156.857322438718
"Z5",81.6527120495086
"Z5",164.51209212261
"Z5",193.386514310354
"Z5",474.83433570257
"Z5",167.091923137715
"Z5",63.5962041884817
"Z5",297.843195991395
"Z5",229.058843961665
"Z5",108.424538797899
"Z5",364.926525923872
"Z5",207.848213191301
"Z6",913.938748335553
"Z6",627.787021630616
"Z6",2362.82145481264
"Z6",134.060352554526
"Z6",324.713193116635
"Z6",312.626707800793
"Z6",18.1699346405229
"Z6",297.019657577679
"Z6",581.25665945562
"Z6",548.757560580961
"Z6",88.6501007387508
"Z6",266.226058807661
"Z6",201.785714285714
"Z6",385.377830750894
"Z6",365.820149875104
"Z6",360.541945063103
"Z6",288.945647229496
"Z6",566.333233303324
"Z6",91.520088872431
"Z6",236.888324312383
"Z6",90.5749540561827
"Z6",247.089947089947
"Z6",390.568548521242
"Z6",274.723538704581
"Z6",111.09243697479
"Z6",155.551466077782
"Z6",735.556311670636
"Z6",39.0006489292667
"Z6",283.378014386665
"Z6",286.813300824817
"Z6",161.632459366473
"Z6",23.6264591439689
"Z6",263.963849287169
"Z6",104.977125333065
"Z6",133.182942803085
"Z6",296.106657942091
"Z6",319.395795545776
"Z6",156.488371792051
"Z6",369.746520611737
"Z6",347.339748125088
"Z6",330.761099365751
"Z6",241.766530810877
"Z6",266.245342295609
"Z6",227.539677440082
"Z6",254.548448923804
"Z6",217.643757108462
"Z6",207.738215926021
"Z6",156.322745188964
"Z6",39.5034009113122
"Z6",98.6838446565947
"Z6",190.980945367038
"Z6",100.833445809151
"Z6",253.846495513902
"Z6",185.587945085332
"Z7",89.3805309734513
"Z7",676.119402985075
"Z7",849.064528445972
"Z7",5506.47985989492
"Z7",7631.55339805825
"Z7",298.316317392083
"Z7",95.1783355350066
"Z7",136.620650529501
"Z7",413.541666666667
"Z7",6190.52631578947
"Z7",372.873252142535
"Z7",341.878120511593
"Z7",151.761691223575
"Z7",485.411764705882
"Z7",135.244648318043
"Z7",76.5641569459173
"Z7",142.897766680538
"Z7",14.1709966934341
"Z7",1048.4161387129
"Z7",189.197692711064
"Z7",38.3298208640674
"Z7",67.2196241065914
"Z7",856.488736532811
"Z7",131.910762863587
"Z1",470.8578381667
"Z1",651.548190143916
"Z1",2972.39047339018
"Z1",234.327518289252
"Z1",163.743948359333
"Z1",92.8074245939675
"Z1",633.382633984213
"Z1",216.845092222366
"Z1",331.935372980406
"Z1",289.722451222863
"Z1",727.120141342756
"Z1",243.916755602988
"Z1",1203.68519675203
"Z1",70.0440528634361
"Z1",532.155332943687
"Z1",168.485484435117
"Z1",104.878048780488
"Z1",241.154182454095
"Z1",76.353039134055
"Z1",755.968586387434
"Z1",384.390243902439
"Z1",48.4131253362023
"Z1",580.327868852459
"Z1",821.71267234999
"Z1",852.274661874586
"Z1",1100.25611838361
"Z1",56.2008242787561
"Z1",680.11611030479
"Z1",185.376580538758
"Z1",91.7701414958129
"Z1",561.741979272718
"Z1",245.207706201084
"Z1",651.577998196573
"Z1",358.481322718922
"Z1",91.0174152153987
"Z1",1464.33846153846
"Z1",282.096474953618
"Z1",483.389261744966
"Z1",194.483568075117
"Z1",379.369000432063
"Z1",534.170825113148
"Z1",278.350350989151
"Z1",510.289933092363
"Z1",1672.13808159367
"Z1",101.460697772173
"Z1",638.341369334619
"Z1",342.695356738392
"Z1",325.946091469047
"Z1",316.036557043511
"Z1",369.381210797096
"Z1",191.337464268594
"Z1",196.360879454132
"Z1",334.094663506428
"Z1",68.4957139606038
"Z1",97.4231268947596
"Z1",167.559469210542
"Z1",278.941718651474
"Z2",954.273178176269
"Z2",1863.54109211252
"Z2",944.733242134063
"Z2",1031.84606804239
"Z2",150.367647058824
"Z2",130.550098231827
"Z2",946.72131147541
"Z2",701.062453444153
"Z2",611.81423139598
"Z2",495.392953929539
"Z2",8.56977417486972
"Z2",260.144927536232
"Z2",634.911344465485
"Z2",214.327628361858
"Z2",633.688169655249
"Z2",228.948199620973
"Z2",224.930284439487
"Z2",483.579247977154
"Z2",351.305683563748
"Z2",139.56043956044
"Z2",408.301306687164
"Z2",618.136769078295
"Z2",355.090212209031
"Z2",972.63180764774
"Z2",170.354302241504
"Z2",1096.99855699856
"Z2",1063.07311028501
"Z2",46.7238547180142
"Z2",1012.88165164292
"Z2",398.481177889136
"Z2",330.116505825291
"Z2",354.842525506432
"Z2",51.8468162247904
"Z2",153.688192380438
"Z2",85.4132660632141
"Z2",125.247267048412
"Z2",1799.55599407992
"Z2",245.88805587251
"Z2",216.147834150219
"Z2",950.785151314602
"Z2",521.717569269521
"Z2",108.958837772397
"Z2",106.531949754233
"Z2",60.5169604503037
"Z2",170.600935588341
"Z2",65.8358662613982
"Z2",337.649827737421
"Z2",281.980867908973
"Z2",219.468939148102
"Z2",310.450859642768
"Z2",97.0093123209169
"Z2",129.602476780186
"Z2",124.061509194673
"Z2",177.759120001947
"Z2",45.5827697556815
"Z2",264.888776770447
"Z3",792.742050477684
"Z3",458.703071672355
"Z3",264.876385336743
"Z3",772.039180765806
"Z3",161.480362537764
"Z3",254.253308128544
"Z3",476.474122736741
"Z3",227.325890483785
"Z3",146.245797534554
"Z3",1604.86570650058
"Z3",307.992895204263
"Z3",116.008492569002
"Z3",229.97458703939
"Z3",461.315380631797
"Z3",4260.43360433604
"Z3",371.24910814392
"Z3",854.462259869914
"Z3",177.760593875657
"Z3",1318.87583892617
"Z3",196.882690730107
"Z3",29.9712735397383
"Z3",515.90465872156
"Z3",557.142857142857
"Z3",225.065226762257
"Z3",250.800839500718
"Z3",1416.05254726049
"Z3",115.458185053381
"Z3",112.989095574086
"Z3",613.3527696793
"Z3",396.524887066654
"Z3",373.890013349985
"Z3",719.235562941421
"Z3",75.7523480927736
"Z3",429.495532390171
"Z3",291.289198606272
"Z3",297.052688531826
"Z3",214.416835901724
"Z3",621.234895372826
"Z3",68.703597944032
"Z3",166.50921552283
"Z3",189.81790380873
"Z3",485.970934889575
"Z3",229.277798075752
"Z3",261.482782953306
"Z3",300.864335253117
"Z3",215.791262207644
"Z3",226.9646555756
"Z3",531.904224645857
"Z3",131.848371299986
"Z3",143.860198226395
"Z3",115.67009907169
"Z3",257.644557823129
"Z3",207.823922325588
"Z4",611.758566707253
"Z4",1308.44978875528
"Z4",1401.36275146009
"Z4",246.559015763168
"Z4",349.6138996139
"Z4",204.301075268817
"Z4",431.250330761333
"Z4",1007.77127186481
"Z4",408.712121212121
"Z4",373.509781357883
"Z4",50.4704875962361
"Z4",371.155033971587
"Z4",338.114080477263
"Z4",87.0865139949109
"Z4",78.4403669724771
"Z4",436.241190784692
"Z4",249.958378295052
"Z4",115.24870081663
"Z4",61.503801745987
"Z4",85.3242320819113
"Z4",252.47025610002
"Z4",846.0439092623
"Z4",195.406797116375
"Z4",1203.95340628309
"Z4",369.711011430366
"Z4",270.156844830212
"Z4",78.613147756928
"Z4",94.1522553039757
"Z4",611.067870485679
"Z4",331.217690982194
"Z4",152.460649531779
"Z4",168.489208633094
"Z4",256.515563661902
"Z4",179.008934136713
"Z4",317.602996254682
"Z4",490.890557939914
"Z4",100.68870523416
"Z4",331.411101786357
"Z4",498.6388901046
"Z4",163.459831335996
"Z4",157.752489331437
"Z4",311.986582694414
"Z4",311.049797152989
"Z4",389.655899616885
"Z4",138.899818693824
"Z4",319.628765143937
"Z4",308.609238326775
"Z4",266.470440881764
"Z4",753.299152920196
"Z4",275.408658261217
"Z4",235.714987155214
"Z4",225.365497979411
"Z4",203.872860750023
"Z4",45.5355530134265
"Z4",203.284073743789
"Z4",104.936858204064
"Z4",240.330754141238
"Z4",151.719778813566
"Z4",221.371222422249
"Z5",189.250353606789
"Z5",2507.2864321608
"Z5",114.068441064639
"Z5",617.961165048544
"Z5",559.673913043478
"Z5",81.3642443156487
"Z5",65.6576200417537
"Z5",19.7802197802198
"Z5",729.30081300813
"Z5",81.7801047120419
"Z5",524.772313296903
"Z5",138.3502170767
"Z5",417.564491654021
"Z5",606.770833333333
"Z5",236.04993354851
"Z5",104.966085271318
"Z5",3402.81385281385
"Z5",182.251082251082
"Z5",257.829010566763
"Z5",454.238224791702
"Z5",301.861167002012
"Z5",3254.86542443064
"Z5",718.377835199541
"Z5",708.327246165084
"Z5",48.8939492517892
"Z5",925.012987012987
"Z5",200.063492063492
"Z5",864.111585825584
"Z5",1150.45737285035
"Z5",1298.13829787234
"Z5",338.661035797501
"Z5",209.021313907999
"Z5",298.936237175049
"Z5",154.356359928626
"Z5",18.8650453028135
"Z5",54.3252950230888
"Z5",488.123103597746
"Z5",65.1042714410246
"Z5",243.64712040224
"Z6",529.441201000834
"Z6",330.995792426367
"Z6",1593.93592677346
"Z6",1278.77838684417
"Z6",615.760111576011
"Z6",198.726385056251
"Z6",271.781437125749
"Z6",3526.02854743913
"Z6",168.656294200849
"Z6",2868.79562043796
"Z6",446.520654283338
"Z6",492.874268725424
"Z6",85.1875
"Z6",459.71615720524
"Z6",331.774051191527
"Z6",182.557738710789
"Z6",402.865761689291
"Z6",520.338983050847
"Z6",320.726640255097
"Z6",225.060614877315
"Z6",107.535753575358
"Z6",356.629653821032
"Z6",438.952282157676
"Z6",108.017377567141
"Z6",364.681814721778
"Z6",109.421692343423
"Z6",480.853696257346
"Z6",95.0320512820513
"Z6",514.856094808126
"Z6",373.594040968343
"Z6",168.883547008547
"Z6",261.597129334294
"Z6",279.318906099459
"Z6",66.4333132166566
"Z6",117.306726907631
"Z6",206.808707735063
"Z6",129.171752397559
"Z6",140.815939278937
"Z6",119.589707103048
"Z6",185.024709803471
"Z6",188.204580226826
"Z6",325.593568108538
"Z6",195.136451839313
"Z6",883.450407417814
"Z6",267.881120759108
"Z6",79.099155714637
"Z6",61.4839979679959
"Z6",371.229477907406
"Z6",228.049273281432
"Z7",176.273193841295
"Z7",103.874092009685
"Z7",188.303249097473
"Z7",197.605893186004
"Z7",230.732785849653
"Z7",145.920745920746
"Z7",134.450290778178
"Z7",417.087967644085
"Z7",61.0010649627263
"Z7",280.788177339901
"Z7",1851.85185185185
"Z7",144.405837387074
"Z7",10.5232826187183
"Z7",183.310682250612
"Z7",120.286392572543
"Z1",483.875063484002
"Z1",2122.69717037929
"Z1",495.489591364688
"Z1",911.663807890223
"Z1",1396.68246445498
"Z1",884.928229665072
"Z1",308.080808080808
"Z1",1246.14452402778
"Z1",1330.27729203098
"Z1",2061.69871794872
"Z1",1284.99010880317
"Z1",1831.87772925764
"Z1",420.484908461158
"Z1",4041.3881748072
"Z1",725.081330524385
"Z1",314.256917720359
"Z1",1270.41403893611
"Z1",1322.63502965969
"Z1",52.7426160337553
"Z1",956.027554535017
"Z1",2693.51724137931
"Z1",848.409796816358
"Z1",1092.63483786867
"Z1",444.124168514412
"Z1",104.292623941959
"Z1",521.577164973391
"Z1",355.13078470825
"Z1",177.788279773157
"Z1",728.57513079253
"Z1",199.728408473656
"Z1",720.140158439976
"Z1",687.455500932361
"Z1",479.956663055255
"Z1",80.4973821989529
"Z1",3171.56690140845
"Z1",166.200262352427
"Z1",520.517291839422
"Z1",166.230794377247
"Z1",571.085577087978
"Z1",493.296817944705
"Z1",165.443786982249
"Z1",101.250264886629
"Z1",125.394120153387
"Z1",1888.67958378184
"Z1",402.359507645298
"Z1",290.641416886139
"Z1",376.02012854367
"Z1",605.102249721344
"Z1",94.2507068803016
"Z1",366.483062517213
"Z1",82.7251808021039
"Z1",87.6171875
"Z1",169.813144329897
"Z1",406.02463581563
"Z2",305.586334256694
"Z2",397.231195200738
"Z2",114.292258360055
"Z2",766.907514450867
"Z2",704.205128205128
"Z2",972.522113103815
"Z2",1291.72322775264
"Z2",319.749810462472
"Z2",298.341232227488
"Z2",309.380234505863
"Z2",152.731847591661
"Z2",240.465532676813
"Z2",524.47410441544
"Z2",719.151599443672
"Z2",784.136420525657
"Z2",1230.44712562101
"Z2",284.930139720559
"Z2",348.7358326068
"Z2",32.4384787472036
"Z2",244.207317073171
"Z2",372.650954644193
"Z2",160.101211879078
"Z2",101.742696053306
"Z2",55.026256564141
"Z2",818.802083333333
"Z2",802.423051735429
"Z2",392.573753814852
"Z2",625.103734439834
"Z2",109.352459016393
"Z2",763.869931754316
"Z2",1252.66932270916
"Z2",96.3335915311128
"Z2",591.82156133829
"Z2",145.424250192258
"Z2",544.8335275429
"Z2",304.362622642193
"Z2",331.601482091396
"Z2",513.75623663578
"Z2",1713.33126647031
"Z2",67.4499930060148
"Z2",79.1269665411035
"Z2",481.63290513834
"Z2",296.549909445198
"Z2",336.055653113603
"Z2",288.583269758139
"Z2",257.963365414468
"Z2",577.293073661065
"Z2",325.203899579457
"Z2",71.2801063882185
"Z2",364.015705597044
"Z2",299.323010871918
"Z3",775.547737086199
"Z3",989.668700959023
"Z3",890.468133107727
"Z3",146.745562130178
"Z3",3524.52619843924
"Z3",101.738443303042
"Z3",615.877437325905
"Z3",1670.62780269058
"Z3",569.689066291702
"Z3",822.478231748158
"Z3",67.0985654789449
"Z3",184.70802919708
"Z3",631.84165232358
"Z3",373.616376042456
"Z3",2112.10365853659
"Z3",243.425925925926
"Z3",442.901327448423
"Z3",580.061512355499
"Z3",1079.39778129952
"Z3",48.4539585457017
"Z3",328.17679558011
"Z3",738
"Z3",506.937190922956
"Z3",886.007654251844
"Z3",71.6542750929368
"Z3",365.17087667162
"Z3",259.59595959596
"Z3",233.764733071412
"Z3",274.211802748585
"Z3",323.054261441491
"Z3",247.052540222979
"Z3",654.097796143251
"Z3",233.875282980037
"Z3",1045.89781021898
"Z3",106.101638248078
"Z3",279.469632164243
"Z3",111.287793952968
"Z3",266.685312828876
"Z3",255.614759557746
"Z3",745.75210589651
"Z3",131.807560137457
"Z3",321.563342318059
"Z3",424.388086110292
"Z3",557.226677097594
"Z3",63.6652906776746
"Z3",370.163479896002
"Z3",227.293707647628
"Z3",266.499021000499
"Z3",348.66643011325
"Z3",164.987262949335
"Z3",400.883362778759
"Z3",118.483348936739
"Z3",138.042047463237
"Z3",258.664064194318
"Z3",256.986758023859
"Z4",550.17852238396
"Z4",1164.74298328603
"Z4",1000.46367851623
"Z4",358.502024291498
"Z4",54.6714579055441
"Z4",842.764067127345
"Z4",456.67287399131
"Z4",615.221579961464
"Z4",680.824975022383
"Z4",577.41254858412
"Z4",1854.53521126761
"Z4",655.037833532457
"Z4",237.394957983193
"Z4",318.841379310345
"Z4",205.142211339235
"Z4",342.882721575649
"Z4",266.147082334133
"Z4",488.294088790778
"Z4",357.475953064411
"Z4",247.818090620298
"Z4",103.047091412742
"Z4",56.1686474250141
"Z4",375.896619533664
"Z4",366.136092319936
"Z4",50.650101126842
"Z4",415.085026483659
"Z4",232.043646480894
"Z4",264.725513098615
"Z4",655.998330899228
"Z4",63.7958532695375
"Z4",65.0668993600931
"Z4",465.119955365445
"Z4",614.815989847716
"Z4",68.3793770895654
"Z4",455.97500669212
"Z4",254.061386076149
"Z4",101.245210727969
"Z4",54.3087535218109
"Z4",89.7639357270383
"Z4",135.6093979442
"Z4",239.733276883997
"Z4",464.611231101512
"Z4",319.723511454171
"Z4",298.835299112169
"Z4",66.2033175794644
"Z4",237.034035656402
"Z4",712.096713825885
"Z4",100.738023687467
"Z4",234.897523880182
"Z4",693.549715792075
"Z4",308.358323939701
"Z4",208.250585400618
"Z4",228.197788829654
"Z4",241.925112245702
"Z4",26.024671707123
"Z4",308.850309005991
"Z4",258.094522585042
"Z4",168.365692812143
"Z4",413.390855307885
"Z4",224.639038349974
"Z5",952.076002814919
"Z5",1186.54970760234
"Z5",12627.3092369478
"Z5",1033.36740778601
"Z5",1841.92229038855
"Z5",689.233278955954
"Z5",683.873038516405
"Z5",240.432098765432
"Z5",592.687385740402
"Z5",400.605899548233
"Z5",1706.64725861232
"Z5",475.131578947368
"Z5",345.855886332882
"Z5",25.3182461103253
"Z5",216.564758198999
"Z5",74.3747050495517
"Z5",457.542735042735
"Z5",54.8245614035088
"Z5",208.329477093938
"Z5",87.0640904806786
"Z5",391.117041555471
"Z5",410.10989010989
"Z5",400.276659959759
"Z5",328.671414754243
"Z5",301.901969628627
"Z5",412.154175588865
"Z5",155.941573556797
"Z5",170.755326016785
"Z5",349.606505771249
"Z5",109.195867935994
"Z5",691.995614035088
"Z5",234.256490161092
"Z6",282.922077922078
"Z6",647.201336675021
"Z6",9764.59627329193
"Z6",349.270482603816
"Z6",143.227665706052
"Z6",597.791532557564
"Z6",330.690700271176
"Z6",212.516212710765
"Z6",169.855537720706
"Z6",532.02614379085
"Z6",377.793216699299
"Z6",84.8656294200849
"Z6",798.407376362112
"Z6",2946.76663542643
"Z6",50.5434782608696
"Z6",710.08215085885
"Z6",381.114808652246
"Z6",386.773090079818
"Z6",897.234624801959
"Z6",191.165553080921
"Z6",2279.09284195606
"Z6",4192.26666666667
"Z6",132.284382284382
"Z6",158.498896247241
"Z6",296.849872773537
"Z6",195.242451967063
"Z6",99.1315675206253
"Z6",3073.27014218009
"Z6",2113.63496460449
"Z6",349.899716958144
"Z6",102.750541194448
"Z6",1309.21985815603
"Z6",44.1363973313566
"Z6",45.5050505050505
"Z6",151.074840764331
"Z6",76.7550702028081
"Z6",446.78578364731
"Z6",323.422082941954
"Z6",294.412151602712
"Z6",439.385626335768
"Z6",190.304968973977
"Z6",44.8205128205128
"Z6",121.115025443158
"Z6",165.548201734134
"Z6",162.403677166419
"Z6",225.179036739202
"Z6",237.412476926446
"Z7",584.157075152336
"Z7",47.7124183006536
"Z7",279.069767441861
"Z7",1282.29166666667
"Z7",1020.40133779264
"Z7",4891.66666666667
"Z7",29.6621098787722
"Z7",463.055954088953
"Z7",613.622170179547
"Z7",1469.27322907084
"Z7",341.342756183746
"Z7",291.662119676774
